sku,product_name,category,unit_cost,unit_price,base_daily_demand,spring_boost,lead_time_days,supplier_region
SKU1000,Fruit Tree Variety 1,Fruit Trees,52.11,115.8,4.090909090909091,2.5,14,Southeast
SKU1001,Fruit Tree Variety 2,Fruit Trees,38.58,85.73,4.090909090909091,2.5,10,Midwest
SKU1002,Fruit Tree Variety 3,Fruit Trees,17.97,39.93,4.090909090909091,2.5,14,Texas
SKU1003,Fruit Tree Variety 4,Fruit Trees,21.21,47.13,4.090909090909091,2.5,14,Southeast
SKU1004,Fruit Tree Variety 5,Fruit Trees,52.85,117.44,4.090909090909091,2.5,14,Pacific NW
SKU1005,Fruit Tree Variety 6,Fruit Trees,15.78,35.07,4.090909090909091,2.5,21,Southeast
SKU1006,Fruit Tree Variety 7,Fruit Trees,27.39,60.87,4.090909090909091,2.5,10,Texas
SKU1007,Fruit Tree Variety 8,Fruit Trees,16.63,36.96,4.090909090909091,2.5,10,Midwest
SKU1008,Fruit Tree Variety 9,Fruit Trees,21.09,46.87,4.090909090909091,2.5,7,Texas
SKU1009,Fruit Tree Variety 10,Fruit Trees,24.65,54.78,4.090909090909091,2.5,7,Pacific NW
SKU1010,Fruit Tree Variety 11,Fruit Trees,23.39,51.98,4.090909090909091,2.5,10,Texas
SKU1011,Shade Tree Variety 1,Shade Trees,30.97,68.82,3.75,2.0,10,Southeast
SKU1012,Shade Tree Variety 2,Shade Trees,65.52,145.6,3.75,2.0,7,Southeast
SKU1013,Shade Tree Variety 3,Shade Trees,109.56,243.47,3.75,2.0,14,Southeast
SKU1014,Shade Tree Variety 4,Shade Trees,28.37,63.04,3.75,2.0,7,Texas
SKU1015,Shade Tree Variety 5,Shade Trees,64.63,143.62,3.75,2.0,7,Southeast
SKU1016,Shade Tree Variety 6,Shade Trees,98.24,218.31,3.75,2.0,7,Southeast
SKU1017,Shade Tree Variety 7,Shade Trees,49.13,109.18,3.75,2.0,14,Pacific NW
SKU1018,Shade Tree Variety 8,Shade Trees,63.35,140.78,3.75,2.0,7,Texas
SKU1019,Flowering Shrub Variety 1,Flowering Shrubs,12.03,26.73,4.230769230769231,3.0,14,Texas
SKU1020,Flowering Shrub Variety 2,Flowering Shrubs,34.5,76.67,4.230769230769231,3.0,14,Pacific NW
SKU1021,Flowering Shrub Variety 3,Flowering Shrubs,29.25,65.0,4.230769230769231,3.0,10,Pacific NW
SKU1022,Flowering Shrub Variety 4,Flowering Shrubs,16.1,35.78,4.230769230769231,3.0,7,Texas
SKU1023,Flowering Shrub Variety 5,Flowering Shrubs,32.15,71.44,4.230769230769231,3.0,14,Midwest
SKU1024,Flowering Shrub Variety 6,Flowering Shrubs,31.76,70.58,4.230769230769231,3.0,10,Texas
SKU1025,Flowering Shrub Variety 7,Flowering Shrubs,26.27,58.38,4.230769230769231,3.0,7,Southeast
SKU1026,Flowering Shrub Variety 8,Flowering Shrubs,31.1,69.11,4.230769230769231,3.0,7,Midwest
SKU1027,Flowering Shrub Variety 9,Flowering Shrubs,21.73,48.29,4.230769230769231,3.0,10,Texas
SKU1028,Flowering Shrub Variety 10,Flowering Shrubs,11.39,25.31,4.230769230769231,3.0,14,Southeast
SKU1029,Flowering Shrub Variety 11,Flowering Shrubs,28.86,64.13,4.230769230769231,3.0,14,Midwest
SKU1030,Flowering Shrub Variety 12,Flowering Shrubs,13.08,29.07,4.230769230769231,3.0,10,Southeast
SKU1031,Flowering Shrub Variety 13,Flowering Shrubs,33.9,75.33,4.230769230769231,3.0,14,Texas
SKU1032,Privacy Hedge Variety 1,Privacy Hedges,18.65,41.44,4.444444444444445,1.8,10,Pacific NW
SKU1033,Privacy Hedge Variety 2,Privacy Hedges,31.06,69.02,4.444444444444445,1.8,14,Texas
SKU1034,Privacy Hedge Variety 3,Privacy Hedges,28.33,62.96,4.444444444444445,1.8,10,Midwest
SKU1035,Privacy Hedge Variety 4,Privacy Hedges,19.96,44.36,4.444444444444445,1.8,14,Southeast
SKU1036,Privacy Hedge Variety 5,Privacy Hedges,52.47,116.6,4.444444444444445,1.8,7,Pacific NW
SKU1037,Privacy Hedge Variety 6,Privacy Hedges,40.16,89.24,4.444444444444445,1.8,10,Midwest
SKU1038,Privacy Hedge Variety 7,Privacy Hedges,19.49,43.31,4.444444444444445,1.8,10,Midwest
SKU1039,Privacy Hedge Variety 8,Privacy Hedges,15.2,33.78,4.444444444444445,1.8,10,Texas
SKU1040,Privacy Hedge Variety 9,Privacy Hedges,43.92,97.6,4.444444444444445,1.8,14,Southeast
SKU1041,Houseplant Variety 1,Houseplants,17.68,39.29,5.833333333333333,1.2,7,Southeast
SKU1042,Houseplant Variety 2,Houseplants,8.31,18.47,5.833333333333333,1.2,7,Pacific NW
SKU1043,Houseplant Variety 3,Houseplants,24.58,54.62,5.833333333333333,1.2,10,Pacific NW
SKU1044,Houseplant Variety 4,Houseplants,19.58,43.51,5.833333333333333,1.2,14,Texas
SKU1045,Houseplant Variety 5,Houseplants,11.17,24.82,5.833333333333333,1.2,10,Pacific NW
SKU1046,Houseplant Variety 6,Houseplants,17.67,39.27,5.833333333333333,1.2,14,Texas
SKU1047,Houseplant Variety 7,Houseplants,13.97,31.04,5.833333333333333,1.2,21,Southeast
SKU1048,Houseplant Variety 8,Houseplants,11.37,25.27,5.833333333333333,1.2,10,Texas
SKU1049,Houseplant Variety 9,Houseplants,13.89,30.87,5.833333333333333,1.2,10,Pacific NW
SKU1050,Houseplant Variety 10,Houseplants,17.09,37.98,5.833333333333333,1.2,10,Southeast
SKU1051,Houseplant Variety 11,Houseplants,20.77,46.16,5.833333333333333,1.2,7,Texas
SKU1052,Houseplant Variety 12,Houseplants,25.84,57.42,5.833333333333333,1.2,10,Texas
SKU1053,Succulent Variety 1,Succulents,7.6,16.89,8.125,1.1,7,Pacific NW
SKU1054,Succulent Variety 2,Succulents,13.13,29.18,8.125,1.1,7,Pacific NW
SKU1055,Succulent Variety 3,Succulents,10.65,23.67,8.125,1.1,7,Texas
SKU1056,Succulent Variety 4,Succulents,3.97,8.82,8.125,1.1,10,Pacific NW
SKU1057,Succulent Variety 5,Succulents,7.67,17.04,8.125,1.1,7,Texas
SKU1058,Succulent Variety 6,Succulents,12.59,27.98,8.125,1.1,7,Pacific NW
SKU1059,Succulent Variety 7,Succulents,8.86,19.69,8.125,1.1,10,Pacific NW
SKU1060,Succulent Variety 8,Succulents,6.0,13.33,8.125,1.1,14,Midwest
